cid,text,time,digg_count,reply_comment_total,user_id,user_nickname,user_unique_id,referer
7135706856186872602,kh·ªõp th√¨ v·∫´n m√≤n m√† a,2022-08-25 07:07:17,21,11,6854993900370150402,concaocao,pl4yz0n3,https://www.tiktok.com/@daoyeumoc/video/7135664239720598811?is_from_webapp=v1&item_id=7135664239720598811
7135670325429158682,C√≥ m√†u tr·∫Øng ko ·∫°,2022-08-25 04:45:22,4,3,7099765229395919873,Kh√¥ng T√™n,khongten_535,https://www.tiktok.com/@daoyeumoc/video/7135664239720598811?is_from_webapp=v1&item_id=7135664239720598811
7135669054211293978,Gian nh√† ng√†y x∆∞a d√πng ki·ªÉu kh·ªõp nh∆∞ n√†y ƒë√∫ng ko nh·ªâ,2022-08-25 04:40:29,2,1,6863452083518161921,NorthSide,babylearnmath12,https://www.tiktok.com/@daoyeumoc/video/7135664239720598811?is_from_webapp=v1&item_id=7135664239720598811
7135668433228628737,l√¢u qu√° m·ªõi th·∫•y l√™n vidoe l·∫°iii,2022-08-25 04:39:37,2,0,6946053496815780865,bunnie._.bunnie,bunnie._.bunnie,https://www.tiktok.com/@daoyeumoc/video/7135664239720598811?is_from_webapp=v1&item_id=7135664239720598811
7135686046478779163,c√°i gh·∫ø v√≤m h√¥m b·ªØa ƒë√¢u r·ªìi anh?,2022-08-25 05:46:31,1,1,7073487819280909313,Chuy√™n,c.hyue,https://www.tiktok.com/@daoyeumoc/video/7135664239720598811?is_from_webapp=v1&item_id=7135664239720598811
7135679261713711898,ƒë·∫Øt l·∫Øm pko aüò≥,2022-08-25 05:20:09,1,2,6966440665963234305,aooabizoskzbh,bcjauyzz,https://www.tiktok.com/@daoyeumoc/video/7135664239720598811?is_from_webapp=v1&item_id=7135664239720598811
7135732379222131482,Anh l√†m ngh·ªÅ g√¨ v·∫≠y?,2022-08-25 08:46:15,1,3,7011444899011150849,Xu√¢n ƒê·∫°t.,xuanddat06,https://www.tiktok.com/@daoyeumoc/video/7135664239720598811?is_from_webapp=v1&item_id=7135664239720598811
7135762352515728154,1 nƒÉm r·ªìi √°üò≥,2022-08-25 10:42:33,1,3,6688486586902594562,Minh H·∫±ng,penguin_1212,https://www.tiktok.com/@daoyeumoc/video/7135664239720598811?is_from_webapp=v1&item_id=7135664239720598811
7135665128728527643,b√†n l·∫Øp gh√©p ƒë·∫πp ·ªü ƒë√¢u?! ti·ªán ·ªü ƒë√¢u?! b·ªÅn ·ªü ƒë·ªãa ch·ªâ mua ·ªü ƒë√¢u. ü•≤,2022-08-25 04:25:15,1,0,7012532111299216385,Tsukiko v√† Tsukinoko,outlet_colors,https://www.tiktok.com/@daoyeumoc/video/7135664239720598811?is_from_webapp=v1&item_id=7135664239720598811
7135784783606514459,R√πi b√°n ch∆∞aaaa. T·ª•i ƒë·ª£i h∆°i lau,2022-08-25 12:09:31,1,1,6618022162350850050,B√°c Sƒ© Th√∫ Y nh∆∞ng v·∫´n s·ª£ ch√≥,zen160895,https://www.tiktok.com/@daoyeumoc/video/7135664239720598811?is_from_webapp=v1&item_id=7135664239720598811
7135798287679931138,"kh·ªõp m√† ko v√≠t th√¨ m·ªõi l·ªèng l·∫ªo, ch∆∞a k·ªÉ c√°i b√†n kia l√†m b·∫±ng g·ªó d√°n n·ªØa, b√†n l·∫Øp v√≠t m ph·∫£i th√°o c·∫£ ch·ª•c l·∫ßn may ra n√≥ m·ªõi l·ªèng l·∫ªo",2022-08-25 13:02:32,1,0,6530924841464758274,Tuy·∫øn V≈©,tuyenvu26593,https://www.tiktok.com/@daoyeumoc/video/7135664239720598811?is_from_webapp=v1&item_id=7135664239720598811
7135676036751295258,Anh ∆°i. Anh ƒë·ªÉ link mua ƒëi ·∫°. Em t√¨m kh√¥ng th·∫•y,2022-08-25 05:07:41,1,0,6804370819733652482,Tr·∫ßn Th·ªã Thu Th·∫£o (Min),dau.banh.beo,https://www.tiktok.com/@daoyeumoc/video/7135664239720598811?is_from_webapp=v1&item_id=7135664239720598811
7135669055289262849,hay n√®,2022-08-25 04:41:43,0,0,7112488323071935489,Xem k√™nh tui hay l·∫Øm üëç,xemcungtui,https://www.tiktok.com/@daoyeumoc/video/7135664239720598811?is_from_webapp=v1&item_id=7135664239720598811
7135672166246712091,Mua nh∆∞ n√†o ·∫°,2022-08-25 04:52:38,0,0,6987186058274866203,ta20320032,ta20320032,https://www.tiktok.com/@daoyeumoc/video/7135664239720598811?is_from_webapp=v1&item_id=7135664239720598811
7138455589046829825,gi√° sao v·∫≠y √¥ng ∆°i,2022-09-01 16:54:29,0,0,6918671872440517633,lamhoang420,lamhoang.420,https://www.tiktok.com/@daoyeumoc/video/7135664239720598811?is_from_webapp=v1&item_id=7135664239720598811
7138347627205559042,mu·ªën mua m√† sv nh∆∞ m√¨nh k mua n·ªïi :(,2022-09-01 09:55:50,0,0,6790272275343787010,ƒê·ªó Thanh Huy·ªÅn,dothanhhuyen_17b2,https://www.tiktok.com/@daoyeumoc/video/7135664239720598811?is_from_webapp=v1&item_id=7135664239720598811
7138262317829702402,"t th√¨ l·∫°i th·∫•y thi·∫øu ch·∫Øc ch·∫Øn c·ª° n√†o b√†n c≈©ng rung l·∫Øc khi b√†n ch·ªâ b·∫±ng g·ªó gh√©p , v√† ƒë∆∞∆°ng nhi√™n ti·ªÅn n√†o c·ªßa ƒë√≥ th√¥i ri√™ng t√¥i s·∫Ω k ch·ªçn b√†n nh∆∞ n√†y",2022-09-01 04:25:04,0,0,6561387950679146498,Win Lee üì∑,winlk01,https://www.tiktok.com/@daoyeumoc/video/7135664239720598811?is_from_webapp=v1&item_id=7135664239720598811
7137895790803387162,Mua ·ªüvƒë√¢u th√¨ ko n√≥i ib c√°i n√†o,2022-08-31 04:41:28,0,0,6820412657490478082,PHUCLOCANKHANG,phuclocankhang,https://www.tiktok.com/@daoyeumoc/video/7135664239720598811?is_from_webapp=v1&item_id=7135664239720598811
7137862014999135003,Sao kh√¥ng th·∫•y tr√™n bio nh·ªâ a ∆°i,2022-08-31 02:30:20,0,0,6579383822842904578,T√¨nh y√™u l√† g√¨ ????,conma2002,https://www.tiktok.com/@daoyeumoc/video/7135664239720598811?is_from_webapp=v1&item_id=7135664239720598811
7135703082789536539,t√¨m ko th·∫•y link mua a ∆°i üò≥,2022-08-25 06:52:37,0,0,6910578048988185601,TuanKiet,tobidramasenju,https://www.tiktok.com/@daoyeumoc/video/7135664239720598811?is_from_webapp=v1&item_id=7135664239720598811
7135678369941865242,cho e xin gi√° v·ªõi ·∫°,2022-08-25 05:16:43,0,0,6567705999095496706,Y·∫øn Tutj,yentutj_,https://www.tiktok.com/@daoyeumoc/video/7135664239720598811?is_from_webapp=v1&item_id=7135664239720598811
7135710740693992218,mua ·ªü ƒë√¢u anh ∆°i,2022-08-25 07:22:14,0,0,6967364773093327874,tr∆∞·ªùng ƒëang ƒëi ch∆°i,minhtruong1425,https://www.tiktok.com/@daoyeumoc/video/7135664239720598811?is_from_webapp=v1&item_id=7135664239720598811
7135711639102341914,l√†m m·ªông m·∫•t th·ªùi gian h∆°n b·∫Øn,2022-08-25 07:25:50,0,1,6989431499561976833,thinhtcqtkd,thinhtcqtkd,https://www.tiktok.com/@daoyeumoc/video/7135664239720598811?is_from_webapp=v1&item_id=7135664239720598811
7135685648493331226,mua nh∆∞ n√†o v·∫≠y b,2022-08-25 05:44:54,0,0,6796853348932338689,qu·ª∑ qu·ª∑,qmp826,https://www.tiktok.com/@daoyeumoc/video/7135664239720598811?is_from_webapp=v1&item_id=7135664239720598811
7135795077570462490,Xin link mua anh ∆°i,2022-08-25 12:49:31,0,0,6520577667494166530,Minh Nguy·ªát,nguytxiu,https://www.tiktok.com/@daoyeumoc/video/7135664239720598811?is_from_webapp=v1&item_id=7135664239720598811
7135903238377128731,Link mua b√†n ƒë√¢u ü§î,2022-08-25 19:49:52,0,0,7039959365876466689,cheese.cuon,cheese.cuon,https://www.tiktok.com/@daoyeumoc/video/7135664239720598811?is_from_webapp=v1&item_id=7135664239720598811
7135806922288071451,gi√° ntn v·∫≠y b·∫°n,2022-08-25 13:35:26,0,0,6540561685396340737,Quyen Tran,phukiensinhnhat_hcm,https://www.tiktok.com/@daoyeumoc/video/7135664239720598811?is_from_webapp=v1&item_id=7135664239720598811
7139123472562815771,l√¢u qu√° ko th·∫•y anh üòÖ,2022-09-03 12:05:21,0,0,6591237411928391682,Th√πy Trang,cao.trang,https://www.tiktok.com/@daoyeumoc/video/7135664239720598811?is_from_webapp=v1&item_id=7135664239720598811
7137624737458914074,link c√°i g∆∞∆°ng ƒëi anh,2022-08-30 11:09:31,0,0,6655393844282228742,OU,bwci1,https://www.tiktok.com/@daoyeumoc/video/7135664239720598811?is_from_webapp=v1&item_id=7135664239720598811
7137312033330643714,b√†n n√†y a mua ·ªü ƒë√¢u v·∫≠y ·∫°,2022-08-29 14:57:04,0,0,6709425895134184450,_xuanback,xuanbach_0307,https://www.tiktok.com/@daoyeumoc/video/7135664239720598811?is_from_webapp=v1&item_id=7135664239720598811
7135779129543344923,@cmmk1839339 bi·∫øt ch üòÖ,2022-08-25 11:47:41,0,0,6990626258657870849,mouei,moue_ui,https://www.tiktok.com/@daoyeumoc/video/7135664239720598811?is_from_webapp=v1&item_id=7135664239720598811
7135789981285548826,xin gi√° ·∫° ü•∫,2022-08-25 12:29:47,0,0,6944740096768230402,Galaxy169,galaxies169,https://www.tiktok.com/@daoyeumoc/video/7135664239720598811?is_from_webapp=v1&item_id=7135664239720598811
7135774825557476123,O Hu·∫ø c≈©ng c√≥ ctrinh l·∫Øp gh√©p g·ªó nhu th·∫ø n√†y,2022-08-25 11:30:54,0,0,6781054572120867842,Tailx Mina,tailx_mina,https://www.tiktok.com/@daoyeumoc/video/7135664239720598811?is_from_webapp=v1&item_id=7135664239720598811
7135809718199075611,cu·ªëi c√πng a c≈©ng tr·ªü l·∫°iüòÅ,2022-08-25 13:46:19,0,0,6983689019314390017,Bi y√™u IPM:33,minhnguyen23459085za,https://www.tiktok.com/@daoyeumoc/video/7135664239720598811?is_from_webapp=v1&item_id=7135664239720598811
7135801856442090267,gi·ªçng nghe gi·ªëng b√°c l·ªìng ti·∫øng phim Vi·ªát Nam ng√†y x∆∞a üò≥üò≥,2022-08-25 13:15:50,0,0,6634561195033182210,HUMGOODLIFE,humgoodlife,https://www.tiktok.com/@daoyeumoc/video/7135664239720598811?is_from_webapp=v1&item_id=7135664239720598811
7135787458969322267,anh th√≠ch l·∫Øp gh√©p e nghƒ© anh n√™n ch∆°i th·ª≠ gundam,2022-08-25 12:19:58,0,0,6973909365498086402,Qu·ª≥nh,zenn0002,https://www.tiktok.com/@daoyeumoc/video/7135664239720598811?is_from_webapp=v1&item_id=7135664239720598811
7135781998878671642,em th·∫Øt m·∫Øt l√† ko bi·∫øt anh quƒÉng v·∫≠y h·ªìi d·ªçn ƒëinh m·ªát ko. d√≠ c√≥ ƒë·∫°p c√¢y n√†o ch∆∞a üòÇüòÇ,2022-08-25 11:58:46,0,0,6926146455393682434,Nguy√™n ‚ôë,nttn040104,https://www.tiktok.com/@daoyeumoc/video/7135664239720598811?is_from_webapp=v1&item_id=7135664239720598811
7135860017622631195,b√°c b√°n k,2022-08-25 17:01:42,0,0,6819106303684740098,Nguy·ªÖn Minh,vitaminh112,https://www.tiktok.com/@daoyeumoc/video/7135664239720598811?is_from_webapp=v1&item_id=7135664239720598811
7135793644636390171,r b√°n ch∆∞a ·∫°,2022-08-25 12:43:58,0,0,6981024735703909377,JuNguyen25070,ngannguyen25070,https://www.tiktok.com/@daoyeumoc/video/7135664239720598811?is_from_webapp=v1&item_id=7135664239720598811
7135677309416440602,L√†m sao ƒë·∫∑t a ∆°i,2022-08-25 05:12:35,0,0,6521354042302857218,Trang D∆∞∆°ng,trang20828,https://www.tiktok.com/@daoyeumoc/video/7135664239720598811?is_from_webapp=v1&item_id=7135664239720598811
7135764032871056155,bao nhi√™u v b·∫°n m√¨nh ƒë·∫∑t mua,2022-08-25 10:49:04,0,0,6526390732567412738,Chu·ªôt Hamster C·∫¶N TH∆†- PET POY,chuot_hamster_can_tho,https://www.tiktok.com/@daoyeumoc/video/7135664239720598811?is_from_webapp=v1&item_id=7135664239720598811
7135763940848337691,b√†n n√†y b√°n ·ªü ƒë√¢u,2022-08-25 10:48:44,0,0,6933956223348704257,Doctor Finn,doctorfinn0,https://www.tiktok.com/@daoyeumoc/video/7135664239720598811?is_from_webapp=v1&item_id=7135664239720598811
7135770816301728538,Em c√≥ ph·∫£i c·∫≠u √∫t nh√† Th·ªãnh kh√¥ng?,2022-08-25 11:15:21,0,0,6600728779407097858,Romeo,vegeta8668,https://www.tiktok.com/@daoyeumoc/video/7135664239720598811?is_from_webapp=v1&item_id=7135664239720598811
7135813809704583963,D√πng l√¢u c√≥ ·ªçp ·∫πp nh∆∞ nh·ªØng ƒë·ªì l·∫Øp gh√©p kh√°c ko nh·ªâ,2022-08-25 14:02:11,0,0,6529419646151802882,Hoang Anh,hoang.anh.3108,https://www.tiktok.com/@daoyeumoc/video/7135664239720598811?is_from_webapp=v1&item_id=7135664239720598811
7136400881238868762,√îng sx ƒëi cho tui x√†i ƒë·ª£i ho√†i ü•≤,2022-08-27 04:00:21,0,0,102085870165352448,ƒê·ª©c Ph∆∞∆°ng,jaymind,https://www.tiktok.com/@daoyeumoc/video/7135664239720598811?is_from_webapp=v1&item_id=7135664239720598811
7135833349709398810,G·ªó x·ªãn h∆°n h·∫≥n c√°i b·ªô b·∫Øt v√≠t kia l·∫°i ch·∫£ b·ªÅn üòÇ,2022-08-25 15:18:03,0,0,6696022030683177986,Thai Vien Nguyen,thaiviennguyen,https://www.tiktok.com/@daoyeumoc/video/7135664239720598811?is_from_webapp=v1&item_id=7135664239720598811
7135799111806288667,Thi·∫øu m√†u s·∫Øc ƒë·ªÉ ch·ªçn l√† ƒëi·ªÉm y·∫øu ch√≠ m·∫°ng,2022-08-25 13:05:08,0,0,6622735512918016001,ƒê·ª©c Thu·∫≠n,ducthuan.frofile,https://www.tiktok.com/@daoyeumoc/video/7135664239720598811?is_from_webapp=v1&item_id=7135664239720598811
7137230762307224347,"B ∆°i, m√¨nh k t√¨m ƒëc tk ig c·ªßa b. M√¨nh ƒëang mu·ªën l√†m vc c√πng b ƒë·ªÉ thi·∫øt k·∫ø n·ªôi th·∫•t cho nh√† m √Ω.",2022-08-29 09:40:46,0,0,78074329897,LinhNguyen,linhnk.01,https://www.tiktok.com/@daoyeumoc/video/7135664239720598811?is_from_webapp=v1&item_id=7135664239720598811
7136367240266646298,M√¨nh th√¨ m√¨nh d√πng ƒë·ªì g·ªó t·ª± nhi√™n v·ªõi keo 2 th√†nh ph·∫ßn. üòÇ,2022-08-27 01:49:56,0,0,6604335385785450497,Tr∆∞∆°ng T√πng,tung30640612337,https://www.tiktok.com/@daoyeumoc/video/7135664239720598811?is_from_webapp=v1&item_id=7135664239720598811
7136142762902307611,Th·∫ø mu·ªën mua 500k hay 1tr,2022-08-26 11:18:41,0,0,6549653272105893890,HNVü¶Ñü¶Ñ,oishitom,https://www.tiktok.com/@daoyeumoc/video/7135664239720598811?is_from_webapp=v1&item_id=7135664239720598811
7136052144855270146,"Quan tr·ªçng n√≥ c·∫ßn r·∫ª h∆°n s·ª≠ d·ª•ng ƒë·ªì l·∫Øp gh√©p, b√™n m√¨nh l√†m ƒë·ªì ch∆°i d√πng snap thay ·ªëc v√† gi√° r·∫ª h∆°n, th√¨ m·ªõi c·∫°nh tranh dc",2022-08-26 05:28:08,0,0,6619217241082150913,Tap Bui,tapbui09,https://www.tiktok.com/@daoyeumoc/video/7135664239720598811?is_from_webapp=v1&item_id=7135664239720598811
7136044207483126555,M√¨nh c√≥ th·ªÉ mua h√†ng ·ªü ƒë√¢u ƒëc v·∫≠y ·∫°?,2022-08-26 04:56:15,0,0,6710465792717538305,Phong V≈© Nghi√™m,tropicons,https://www.tiktok.com/@daoyeumoc/video/7135664239720598811?is_from_webapp=v1&item_id=7135664239720598811
7135792152269980442,nh√† n∆∞·ªõc ng·∫≠p c√≥ bung kh√¥ng anh,2022-08-25 12:38:13,0,1,6885233147643446274,Tkz_09,tkz_09,https://www.tiktok.com/@daoyeumoc/video/7135664239720598811?is_from_webapp=v1&item_id=7135664239720598811
7138435731374768922,ms 1 nƒÉm trc h·ªèi link c√°i b√†n ƒë√£ ƒëc 1 nƒÉm d√πi c∆° ƒë·∫•y:<<,2022-09-01 15:36:37,0,0,6714189048813356034,Minh Mai,mekkhim,https://www.tiktok.com/@daoyeumoc/video/7135664239720598811?is_from_webapp=v1&item_id=7135664239720598811
7137053838913110810,Mu·ªën n√≥ ph·ªï bi·∫øn th√¨ ph·∫£i tung ra th·ªã tr∆∞·ªùng m·ªôt c√°ch ph·ªï bi·∫øn :)),2022-08-28 22:14:38,0,0,6784453760162759682,Nguy√™ÃÉn Anh ƒê∆∞ÃÅc,minuphotographer,https://www.tiktok.com/@daoyeumoc/video/7135664239720598811?is_from_webapp=v1&item_id=7135664239720598811
7136727924069565210,r·ªìi link b√†n ƒë√¢u √¥ng d√† üòë,2022-08-28 01:09:31,0,0,6906779446473573377,Nguy·ªÖn Th√°i Tu·∫•n5749,nguyenthaituan02,https://www.tiktok.com/@daoyeumoc/video/7135664239720598811?is_from_webapp=v1&item_id=7135664239720598811
7135782260745487131,G·ªó c√¥ng nghi·ªáp th√¥i ch·ª© g·ªó th·ªãt m√† c·ª© l√†m m·ªông ki·ªÉu b·∫°n th√¨ ƒëc 3 h√¥m. M√† g·ªó th·ªãt l√†m m·ªông ƒë·ªÉ ko c√≥ v√≠t th√¨ c√¥ng ph g·∫•p m·∫•y l·∫ßn üòå,2022-08-25 11:59:45,0,2,6678570480964076545,üòÖüòÖüòÖüòÖ,user47531149,https://www.tiktok.com/@daoyeumoc/video/7135664239720598811?is_from_webapp=v1&item_id=7135664239720598811
7135768269629391618,Ch∆°i h·ªá ƒëinh tre,2022-08-25 11:05:55,0,0,6517461071702769665,Ho√†ng Anh 17,bachvanthanhchu1998,https://www.tiktok.com/@daoyeumoc/video/7135664239720598811?is_from_webapp=v1&item_id=7135664239720598811
7135748639938544411,c√°i b√†n ·∫•y 1 nƒÉm r ∆∞ üò≥,2022-08-25 09:49:19,0,0,6807403432886993922,üíú Beng üíú,27092002hb,https://www.tiktok.com/@daoyeumoc/video/7135664239720598811?is_from_webapp=v1&item_id=7135664239720598811
7135712113456169754,Gi√° sao ·∫°?,2022-08-25 07:27:34,0,0,6542006506551787521,Ph·∫°m B√° Tri·ªáu,phmbtriu,https://www.tiktok.com/@daoyeumoc/video/7135664239720598811?is_from_webapp=v1&item_id=7135664239720598811
7136187246281966363,k√™nh n√†y v·∫´n c√≤n s·ªëngüòÜ b·∫•t ng·ªù th·∫≠t ƒë·∫•y,2022-08-26 14:11:22,0,0,6509644351245139970,Diep Ngo,poposnack,https://www.tiktok.com/@daoyeumoc/video/7135664239720598811?is_from_webapp=v1&item_id=7135664239720598811
7135808912884024091,g·ªçi n∆∞·ªõc b·∫±ng th·∫ßyüòÇüòÇ,2022-08-25 13:43:10,0,0,6770564986995573761,LifesoHappy,lifesohappy.225,https://www.tiktok.com/@daoyeumoc/video/7135664239720598811?is_from_webapp=v1&item_id=7135664239720598811
7135812784504161051,Em mu·ªën mua con b√†n n√†y l√†m sao anh,2022-08-25 13:58:17,0,0,6822662987327079425,SuSu,renaldomoonn,https://www.tiktok.com/@daoyeumoc/video/7135664239720598811?is_from_webapp=v1&item_id=7135664239720598811
7135862294893921051,üò≥,2022-08-25 17:10:24,0,0,6658900046187315201,ƒê·ªó ƒê·ªìng Chi·∫øn,dodongchien,https://www.tiktok.com/@daoyeumoc/video/7135664239720598811?is_from_webapp=v1&item_id=7135664239720598811
7135675580091728666,:)),2022-08-25 05:05:49,0,0,6761021697157858306,Jin_Ji,jinji200816,https://www.tiktok.com/@daoyeumoc/video/7135664239720598811?is_from_webapp=v1&item_id=7135664239720598811
7135668637482517250,üòç,2022-08-25 04:40:26,0,0,6946053496815780865,bunnie._.bunnie,bunnie._.bunnie,https://www.tiktok.com/@daoyeumoc/video/7135664239720598811?is_from_webapp=v1&item_id=7135664239720598811
7138270894154351362,Sao gi·ªçng gi·ªëng √¥ng ch·ªß cty thi·∫øt k·∫ø n√†o ƒë√≥ th·∫ø nh·ªâ ?!,2022-09-01 04:58:50,0,0,6622819190158196738,Ho√†ng Nguy·ªÖn,hoang_nguyen2310,https://www.tiktok.com/@daoyeumoc/video/7135664239720598811?is_from_webapp=v1&item_id=7135664239720598811
7135698077868507905,C√≥ th·ªÉ b·∫°n v·∫´n kh√¥ng bi·∫øt h√¥m nay l√† ng√†y sinh nh·∫≠t c·ªßa ƒê·∫°i T∆∞·ªõng V√µ Nguy√™n Gi√°p,2022-08-25 06:34:04,0,0,7015794541874332674,c∆∞·ªùng,duylong56767,https://www.tiktok.com/@daoyeumoc/video/7135664239720598811?is_from_webapp=v1&item_id=7135664239720598811
7135728788067468034,Chuy√™n review app vay online üéã üåû üî•,2022-08-25 08:33:04,0,0,6805772972453479425,reviewAppvayonline,reviewappvayonline,https://www.tiktok.com/@daoyeumoc/video/7135664239720598811?is_from_webapp=v1&item_id=7135664239720598811
7135670041610191643,·ª¶a m·ªõi ƒë√≥ m√† m·ªôt nƒÉm r·ªìi????,2022-08-25 04:44:24,0,0,6897100665576752130,b·∫•t ng·ªù ch∆∞a b√† d√†:),concopepe_12,https://www.tiktok.com/@daoyeumoc/video/7135664239720598811?is_from_webapp=v1&item_id=7135664239720598811
7135803018000401179,C·∫ßn ƒë·ªïi ch·∫•t li·ªáu m·∫∑t b√†n,2022-08-25 13:20:20,0,0,6643813545156968450,Nguy·ªÖn Minh H·∫£i,minhhai2806,https://www.tiktok.com/@daoyeumoc/video/7135664239720598811?is_from_webapp=v1&item_id=7135664239720598811
